{
  "Simple GRU (occupancy)": {
    "1": {
      "P1": {
        "accuracy": 76.6703869635096,
        "rmse": 1.6735587120056152,
        "mae": 1.1083743572235107,
        "mape": 4568.727874755859,
        "accuracy_raw": 72.29964332983342
      },
      "P2": {
        "accuracy": 85.2203384711712,
        "rmse": 7.504396438598633,
        "mae": 4.701018333435059,
        "mape": 14.77966159582138,
        "accuracy_raw": 85.22033828025751
      },
      "P3": {
        "accuracy": 91.50318051867053,
        "rmse": 1.6725468635559082,
        "mae": 0.9259014129638672,
        "mape": 169.4376826286316,
        "accuracy_raw": 91.34636181391728
      },
      "P4": {
        "accuracy": 42.46856920462436,
        "rmse": 7.252852916717529,
        "mae": 3.078618049621582,
        "mape": 84684.94262695312,
        "accuracy_raw": -40.858159308547656
      },
      "P5": {
        "accuracy": 89.74873112096485,
        "rmse": 1.7102062702178955,
        "mae": 0.9407065510749817,
        "mape": 462.9821300506592,
        "accuracy_raw": 89.30892191175883
      },
      "P6": {
        "accuracy": 68.71594752229069,
        "rmse": 2.348095655441284,
        "mae": 1.5424270629882812,
        "mape": 32240.399169921875,
        "accuracy_raw": 37.48191877883554
      },
      "P7": {
        "accuracy": 57.107721239152795,
        "rmse": 5.439258575439453,
        "mae": 3.1896700859069824,
        "mape": 43028.22265625,
        "accuracy_raw": 14.815021034522925
      },
      "P8": {
        "accuracy": 56.58538163458691,
        "rmse": 4.320150852203369,
        "mae": 2.6640563011169434,
        "mape": 24202.438354492188,
        "accuracy_raw": 32.90906371801579
      },
      "P9": {
        "accuracy": 73.38597731141647,
        "rmse": 2.8153598308563232,
        "mae": 1.7706758975982666,
        "mape": 7686.6485595703125,
        "accuracy_raw": 65.87899255724588
      },
      "P10": {
        "accuracy": 95.77777346228089,
        "rmse": 2.2171263694763184,
        "mae": 1.159256935119629,
        "mape": 3.022175468504429,
        "accuracy_raw": 96.97782463877203
      }
    },
    "2": {
      "P1": {
        "accuracy": 60.48228815563876,
        "rmse": 2.4957447052001953,
        "mae": 1.884347677230835,
        "mape": 9232.923126220703,
        "accuracy_raw": 51.64213471523213
      },
      "P2": {
        "accuracy": 77.90110612097509,
        "rmse": 9.641100883483887,
        "mae": 6.7404465675354,
        "mape": 22.09889590740204,
        "accuracy_raw": 77.90110590042964
      },
      "P3": {
        "accuracy": 77.52802606751976,
        "rmse": 3.2430429458618164,
        "mae": 2.3228707313537598,
        "mape": 451.15599632263184,
        "accuracy_raw": 77.11032275766244
      },
      "P4": {
        "accuracy": 15.731367118928352,
        "rmse": 10.402750015258789,
        "mae": 5.077706336975098,
        "mape": 176646.044921875,
        "accuracy_raw": -158.1167647055188
      },
      "P5": {
        "accuracy": 78.56962622777644,
        "rmse": 2.860318899154663,
        "mae": 2.0355026721954346,
        "mape": 1138.1887435913086,
        "accuracy_raw": 77.48474363115128
      },
      "P6": {
        "accuracy": 55.97740121900803,
        "rmse": 3.3402011394500732,
        "mae": 2.2755587100982666,
        "mape": 48557.90100097656,
        "accuracy_raw": 8.932208108202266
      },
      "P7": {
        "accuracy": 41.512000404054774,
        "rmse": 6.434701919555664,
        "mae": 4.1835150718688965,
        "mape": 102501.55029296875,
        "accuracy_raw": -59.28038577704675
      },
      "P8": {
        "accuracy": 41.261068276305814,
        "rmse": 5.177461624145508,
        "mae": 3.467254638671875,
        "mape": 42606.7626953125,
        "accuracy_raw": -0.43683084508152614
      },
      "P9": {
        "accuracy": 47.338950486370656,
        "rmse": 4.20086669921875,
        "mae": 3.0858843326568604,
        "mape": 25434.149169921875,
        "accuracy_raw": 22.464591279899558
      },
      "P10": {
        "accuracy": 90.79774394934826,
        "rmse": 3.849290609359741,
        "mae": 2.6526944637298584,
        "mape": 6.823806464672089,
        "accuracy_raw": 93.17619349043333
      }
    },
    "3": {
      "P1": {
        "accuracy": 49.20121633223721,
        "rmse": 3.014460325241089,
        "mae": 2.321603775024414,
        "mape": 12388.717651367188,
        "accuracy_raw": 37.33737574569095
      },
      "P2": {
        "accuracy": 70.5513495185243,
        "rmse": 11.756002426147461,
        "mae": 8.460759162902832,
        "mape": 29.448649287223816,
        "accuracy_raw": 70.55134934077508
      },
      "P3": {
        "accuracy": 69.38492122904233,
        "rmse": 4.164209842681885,
        "mae": 3.0977072715759277,
        "mape": 702.4671077728271,
        "accuracy_raw": 68.73027907628769
      },
      "P4": {
        "accuracy": -2.510409615800824,
        "rmse": 12.8441162109375,
        "mae": 6.5837626457214355,
        "mape": 271070.8740234375,
        "accuracy_raw": -269.31412022949775
      },
      "P5": {
        "accuracy": 70.60921775001026,
        "rmse": 3.6861510276794434,
        "mae": 2.7343013286590576,
        "mape": 1349.0761756896973,
        "accuracy_raw": 69.3272000927134
      },
      "P6": {
        "accuracy": 48.287213525991326,
        "rmse": 3.8967249393463135,
        "mae": 2.6938366889953613,
        "mape": 66190.5029296875,
        "accuracy_raw": -15.849313876465686
      },
      "P7": {
        "accuracy": 28.297006485363106,
        "rmse": 8.004512786865234,
        "mae": 5.102151393890381,
        "mape": 131765.10009765625,
        "accuracy_raw": -101.27439534298573
      },
      "P8": {
        "accuracy": 14.076866616957084,
        "rmse": 6.6176276206970215,
        "mae": 4.632504940032959,
        "mape": 76519.61669921875,
        "accuracy_raw": -60.82965515306675
      },
      "P9": {
        "accuracy": 31.55563445671914,
        "rmse": 5.21746301651001,
        "mae": 3.837293863296509,
        "mape": 34891.69616699219,
        "accuracy_raw": -2.571838083274014
      },
      "P10": {
        "accuracy": 87.50266146757446,
        "rmse": 4.687542915344238,
        "mae": 3.415276050567627,
        "mape": 8.915363252162933,
        "accuracy_raw": 91.08463631085282
      }
    }
  }
}